{"cameraMode":{"drawMode":0,"name":"Shaded","section":"Shading Mode"},"sceneLighting":true,"audioPlay":false,"sceneViewState":{"m_AlwaysRefresh":false,"showFog":true,"showSkybox":true,"showFlares":true,"showImageEffects":true,"showParticleSystems":true,"showVisualEffectGraphs":true,"m_FxEnabled":true},"in2DMode":false,"pivot":{"x":-0.021799683570861818,"y":-0.10649651288986206,"z":0.20149509608745576},"rotation":{"x":-0.15616196393966676,"y":-0.6710869073867798,"z":0.14767718315124513,"w":-0.7096095085144043},"size":0.6953302621841431,"orthographic":false}