{"cameraMode":{"drawMode":0,"name":"Shaded","section":"Shading Mode"},"sceneLighting":true,"audioPlay":false,"sceneViewState":{"m_AlwaysRefresh":false,"showFog":true,"showSkybox":true,"showFlares":true,"showImageEffects":true,"showParticleSystems":true,"showVisualEffectGraphs":true,"m_FxEnabled":true},"in2DMode":false,"pivot":{"x":4.391462802886963,"y":210.56797790527345,"z":-214.67906188964845},"rotation":{"x":-0.4281954765319824,"y":0.03170376643538475,"z":-0.01503826305270195,"w":-0.9029576778411865},"size":28.760133743286134,"orthographic":false}